method,block_mrr,doc_mrr,doc_hit@10
hybrid_interleave,0.7956956917778137,0.8057853614871159,0.9743589743589743
bert,0.7589568134386426,0.7952386469373428,0.9487179487179487
hybrid_weighted,0.781128907468181,0.7896555878161229,0.9572649572649573
tfidf,0.772041088066729,0.7733222060465651,0.9230769230769231
hybrid_fallback,0.772041088066729,0.7733222060465651,0.9230769230769231
